[{"_allAttributes":null,"_properties":null,"_methods":null,"file":"c:/Users/matsu/Desktop/diploma/diploma/force-app/main/default/lwc/chatBot/chatBot.js","metadata":{"decorators":[{"type":"track","targets":[{"name":"userInput","type":"property"},{"name":"responses","type":"property"},{"name":"tableData","type":"property"},{"name":"columns","type":"property"},{"name":"showTable","type":"property"}]}],"classMembers":[{"name":"userInput","type":"property","decorator":"track","loc":{"start":{"line":7,"column":4},"end":{"line":7,"column":26}}},{"name":"responses","type":"property","decorator":"track","loc":{"start":{"line":8,"column":4},"end":{"line":8,"column":26}}},{"name":"tableData","type":"property","decorator":"track","loc":{"start":{"line":9,"column":4},"end":{"line":9,"column":26}}},{"name":"columns","type":"property","decorator":"track","loc":{"start":{"line":10,"column":4},"end":{"line":10,"column":24}}},{"name":"showTable","type":"property","value":{"type":"boolean","value":false},"decorator":"track","loc":{"start":{"line":11,"column":4},"end":{"line":11,"column":29}}},{"name":"draftValues","type":"property","loc":{"start":{"line":12,"column":4},"end":{"line":12,"column":21}}},{"name":"conversationId","type":"property","value":{"type":"string","value":"TESTingt1"},"loc":{"start":{"line":14,"column":4},"end":{"line":14,"column":33}}},{"name":"connectedCallback","type":"method","loc":{"start":{"line":16,"column":4},"end":{"line":18,"column":5}}},{"name":"generateConversationId","type":"method","loc":{"start":{"line":20,"column":4},"end":{"line":24,"column":5}}},{"name":"handleInputChange","type":"method","loc":{"start":{"line":26,"column":4},"end":{"line":28,"column":5}}},{"name":"handleKeyDown","type":"method","loc":{"start":{"line":30,"column":4},"end":{"line":34,"column":5}}},{"name":"handleSend","type":"method","loc":{"start":{"line":36,"column":4},"end":{"line":60,"column":5}}},{"name":"extractTableColumns","type":"method","loc":{"start":{"line":62,"column":4},"end":{"line":70,"column":5}}},{"name":"handleCellChange","type":"method","loc":{"start":{"line":72,"column":4},"end":{"line":74,"column":5}}},{"name":"handleSave","type":"method","loc":{"start":{"line":76,"column":4},"end":{"line":95,"column":5}}}],"declarationLoc":{"start":{"line":6,"column":0},"end":{"line":96,"column":1}},"doc":"","exports":[{"type":"ExportDefaultDeclaration"}]},"updatedAt":"2024-05-30T23:57:14.264Z"}]